<annotation>
	<folder>bike images jpg</folder>
	<filename>10.jpg</filename>
	<path>C:\Users\Abhishek\Pictures\bike images jpg\10.jpg</path>
	<source>
		<database>Unknown</database>
	</source>
	<size>
		<width>600</width>
		<height>400</height>
		<depth>3</depth>
	</size>
	<segmented>0</segmented>
	<object>
		<name>10_label</name>
		<pose>Unspecified</pose>
		<truncated>0</truncated>
		<difficult>0</difficult>
		<bndbox>
			<xmin>119</xmin>
			<ymin>55</ymin>
			<xmax>502</xmax>
			<ymax>363</ymax>
		</bndbox>
	</object>
</annotation>
