<annotation>
	<folder>bike images jpg</folder>
	<filename>11.jpg</filename>
	<path>C:\Users\Abhishek\Pictures\bike images jpg\11.jpg</path>
	<source>
		<database>Unknown</database>
	</source>
	<size>
		<width>600</width>
		<height>424</height>
		<depth>3</depth>
	</size>
	<segmented>0</segmented>
	<object>
		<name>11_label</name>
		<pose>Unspecified</pose>
		<truncated>0</truncated>
		<difficult>0</difficult>
		<bndbox>
			<xmin>72</xmin>
			<ymin>111</ymin>
			<xmax>514</xmax>
			<ymax>367</ymax>
		</bndbox>
	</object>
</annotation>
