<annotation>
	<folder>bike images jpg</folder>
	<filename>13.jpg</filename>
	<path>C:\Users\Abhishek\Pictures\bike images jpg\13.jpg</path>
	<source>
		<database>Unknown</database>
	</source>
	<size>
		<width>600</width>
		<height>385</height>
		<depth>3</depth>
	</size>
	<segmented>0</segmented>
	<object>
		<name>13_label</name>
		<pose>Unspecified</pose>
		<truncated>0</truncated>
		<difficult>0</difficult>
		<bndbox>
			<xmin>202</xmin>
			<ymin>74</ymin>
			<xmax>554</xmax>
			<ymax>331</ymax>
		</bndbox>
	</object>
</annotation>
