<annotation>
	<folder>bike images jpg</folder>
	<filename>14.jpg</filename>
	<path>C:\Users\Abhishek\Pictures\bike images jpg\14.jpg</path>
	<source>
		<database>Unknown</database>
	</source>
	<size>
		<width>600</width>
		<height>337</height>
		<depth>3</depth>
	</size>
	<segmented>0</segmented>
	<object>
		<name>14_label</name>
		<pose>Unspecified</pose>
		<truncated>0</truncated>
		<difficult>0</difficult>
		<bndbox>
			<xmin>50</xmin>
			<ymin>45</ymin>
			<xmax>542</xmax>
			<ymax>299</ymax>
		</bndbox>
	</object>
</annotation>
