<annotation>
	<folder>bike images jpg</folder>
	<filename>16.jpg</filename>
	<path>C:\Users\Abhishek\Pictures\bike images jpg\16.jpg</path>
	<source>
		<database>Unknown</database>
	</source>
	<size>
		<width>600</width>
		<height>400</height>
		<depth>3</depth>
	</size>
	<segmented>0</segmented>
	<object>
		<name>16_label</name>
		<pose>Unspecified</pose>
		<truncated>0</truncated>
		<difficult>0</difficult>
		<bndbox>
			<xmin>43</xmin>
			<ymin>73</ymin>
			<xmax>349</xmax>
			<ymax>349</ymax>
		</bndbox>
	</object>
</annotation>
