<annotation>
	<folder>bike images jpg</folder>
	<filename>17.jpg</filename>
	<path>C:\Users\Abhishek\Pictures\bike images jpg\17.jpg</path>
	<source>
		<database>Unknown</database>
	</source>
	<size>
		<width>600</width>
		<height>391</height>
		<depth>3</depth>
	</size>
	<segmented>0</segmented>
	<object>
		<name>17_label</name>
		<pose>Unspecified</pose>
		<truncated>0</truncated>
		<difficult>0</difficult>
		<bndbox>
			<xmin>107</xmin>
			<ymin>161</ymin>
			<xmax>505</xmax>
			<ymax>376</ymax>
		</bndbox>
	</object>
</annotation>
