<annotation>
	<folder>bike images jpg</folder>
	<filename>23.jpg</filename>
	<path>C:\Users\Abhishek\Pictures\bike images jpg\23.jpg</path>
	<source>
		<database>Unknown</database>
	</source>
	<size>
		<width>4000</width>
		<height>2667</height>
		<depth>3</depth>
	</size>
	<segmented>0</segmented>
	<object>
		<name>23_label</name>
		<pose>Unspecified</pose>
		<truncated>0</truncated>
		<difficult>0</difficult>
		<bndbox>
			<xmin>993</xmin>
			<ymin>329</ymin>
			<xmax>3043</xmax>
			<ymax>2300</ymax>
		</bndbox>
	</object>
</annotation>
