<annotation>
	<folder>bike images jpg</folder>
	<filename>26.jpg</filename>
	<path>C:\Users\Abhishek\Pictures\bike images jpg\26.jpg</path>
	<source>
		<database>Unknown</database>
	</source>
	<size>
		<width>600</width>
		<height>450</height>
		<depth>3</depth>
	</size>
	<segmented>0</segmented>
	<object>
		<name>26_label</name>
		<pose>Unspecified</pose>
		<truncated>0</truncated>
		<difficult>0</difficult>
		<bndbox>
			<xmin>52</xmin>
			<ymin>108</ymin>
			<xmax>394</xmax>
			<ymax>361</ymax>
		</bndbox>
	</object>
</annotation>
