<annotation>
	<folder>bike images jpg</folder>
	<filename>30.jpg</filename>
	<path>C:\Users\Abhishek\Pictures\bike images jpg\30.jpg</path>
	<source>
		<database>Unknown</database>
	</source>
	<size>
		<width>600</width>
		<height>397</height>
		<depth>3</depth>
	</size>
	<segmented>0</segmented>
	<object>
		<name>30_label</name>
		<pose>Unspecified</pose>
		<truncated>0</truncated>
		<difficult>0</difficult>
		<bndbox>
			<xmin>37</xmin>
			<ymin>27</ymin>
			<xmax>587</xmax>
			<ymax>362</ymax>
		</bndbox>
	</object>
</annotation>
