<annotation>
	<folder>bike images jpg</folder>
	<filename>4.jpg</filename>
	<path>C:\Users\Abhishek\Pictures\bike images jpg\4.jpg</path>
	<source>
		<database>Unknown</database>
	</source>
	<size>
		<width>600</width>
		<height>400</height>
		<depth>3</depth>
	</size>
	<segmented>0</segmented>
	<object>
		<name>4_label</name>
		<pose>Unspecified</pose>
		<truncated>0</truncated>
		<difficult>0</difficult>
		<bndbox>
			<xmin>114</xmin>
			<ymin>70</ymin>
			<xmax>443</xmax>
			<ymax>328</ymax>
		</bndbox>
	</object>
</annotation>
