<annotation>
	<folder>bike images jpg</folder>
	<filename>8.jpg</filename>
	<path>C:\Users\Abhishek\Pictures\bike images jpg\8.jpg</path>
	<source>
		<database>Unknown</database>
	</source>
	<size>
		<width>600</width>
		<height>900</height>
		<depth>3</depth>
	</size>
	<segmented>0</segmented>
	<object>
		<name>8_label</name>
		<pose>Unspecified</pose>
		<truncated>1</truncated>
		<difficult>0</difficult>
		<bndbox>
			<xmin>2</xmin>
			<ymin>70</ymin>
			<xmax>600</xmax>
			<ymax>700</ymax>
		</bndbox>
	</object>
</annotation>
