<annotation>
	<folder>bike images jpg</folder>
	<filename>12.jpg</filename>
	<path>C:\Users\Abhishek\Pictures\bike images jpg\12.jpg</path>
	<source>
		<database>Unknown</database>
	</source>
	<size>
		<width>600</width>
		<height>400</height>
		<depth>3</depth>
	</size>
	<segmented>0</segmented>
	<object>
		<name>12_label</name>
		<pose>Unspecified</pose>
		<truncated>0</truncated>
		<difficult>0</difficult>
		<bndbox>
			<xmin>175</xmin>
			<ymin>56</ymin>
			<xmax>556</xmax>
			<ymax>392</ymax>
		</bndbox>
	</object>
</annotation>
