<annotation>
	<folder>bike images jpg</folder>
	<filename>19.jpg</filename>
	<path>C:\Users\Abhishek\Pictures\bike images jpg\19.jpg</path>
	<source>
		<database>Unknown</database>
	</source>
	<size>
		<width>600</width>
		<height>400</height>
		<depth>3</depth>
	</size>
	<segmented>0</segmented>
	<object>
		<name>19_label</name>
		<pose>Unspecified</pose>
		<truncated>0</truncated>
		<difficult>0</difficult>
		<bndbox>
			<xmin>220</xmin>
			<ymin>87</ymin>
			<xmax>515</xmax>
			<ymax>366</ymax>
		</bndbox>
	</object>
</annotation>
