<annotation>
	<folder>bike images jpg</folder>
	<filename>24.jpg</filename>
	<path>C:\Users\Abhishek\Pictures\bike images jpg\24.jpg</path>
	<source>
		<database>Unknown</database>
	</source>
	<size>
		<width>600</width>
		<height>398</height>
		<depth>3</depth>
	</size>
	<segmented>0</segmented>
	<object>
		<name>24_label</name>
		<pose>Unspecified</pose>
		<truncated>0</truncated>
		<difficult>0</difficult>
		<bndbox>
			<xmin>142</xmin>
			<ymin>102</ymin>
			<xmax>532</xmax>
			<ymax>371</ymax>
		</bndbox>
	</object>
</annotation>
