<annotation>
	<folder>bike images jpg</folder>
	<filename>25.jpg</filename>
	<path>C:\Users\Abhishek\Pictures\bike images jpg\25.jpg</path>
	<source>
		<database>Unknown</database>
	</source>
	<size>
		<width>600</width>
		<height>338</height>
		<depth>3</depth>
	</size>
	<segmented>0</segmented>
	<object>
		<name>25_label</name>
		<pose>Unspecified</pose>
		<truncated>0</truncated>
		<difficult>0</difficult>
		<bndbox>
			<xmin>40</xmin>
			<ymin>40</ymin>
			<xmax>365</xmax>
			<ymax>337</ymax>
		</bndbox>
	</object>
</annotation>
