<annotation>
	<folder>bike images jpg</folder>
	<filename>27.jpg</filename>
	<path>C:\Users\Abhishek\Pictures\bike images jpg\27.jpg</path>
	<source>
		<database>Unknown</database>
	</source>
	<size>
		<width>600</width>
		<height>450</height>
		<depth>3</depth>
	</size>
	<segmented>0</segmented>
	<object>
		<name>27_label</name>
		<pose>Unspecified</pose>
		<truncated>0</truncated>
		<difficult>0</difficult>
		<bndbox>
			<xmin>210</xmin>
			<ymin>39</ymin>
			<xmax>582</xmax>
			<ymax>358</ymax>
		</bndbox>
	</object>
</annotation>
