<annotation>
	<folder>bike images jpg</folder>
	<filename>9.jpg</filename>
	<path>C:\Users\Abhishek\Pictures\bike images jpg\9.jpg</path>
	<source>
		<database>Unknown</database>
	</source>
	<size>
		<width>600</width>
		<height>750</height>
		<depth>3</depth>
	</size>
	<segmented>0</segmented>
	<object>
		<name>9_label</name>
		<pose>Unspecified</pose>
		<truncated>0</truncated>
		<difficult>0</difficult>
		<bndbox>
			<xmin>67</xmin>
			<ymin>222</ymin>
			<xmax>543</xmax>
			<ymax>537</ymax>
		</bndbox>
	</object>
</annotation>
